battery_id,cycle,voltage,temperature,capacity,soh,rul
SYN0001,1,3.7038,29.32,2.1861,1.0,26
SYN0001,2,3.6897,29.98,2.1706,0.9929,25
SYN0001,3,3.6928,30.22,2.1706,0.9929,24
SYN0001,4,3.69,30.94,2.1716,0.9934,23
SYN0001,5,3.7069,31.1,2.1438,0.9806,22
SYN0001,6,3.6859,31.5,2.1352,0.9767,21
SYN0001,7,3.6785,30.6,2.1465,0.9819,20
SYN0001,8,3.6926,30.05,2.129,0.9739,19
SYN0001,9,3.6661,29.63,2.1069,0.9638,18
SYN0001,10,3.681,28.79,2.1094,0.9649,17
SYN0001,11,3.654,28.26,2.0898,0.956,16
SYN0001,12,3.6579,27.46,2.0812,0.952,15
SYN0001,13,3.673,27.01,2.0804,0.9516,14
SYN0001,14,3.6695,27.29,2.0482,0.9369,13
SYN0001,15,3.6621,27.01,2.0417,0.9339,12
SYN0001,16,3.6603,26.76,2.0458,0.9358,11
SYN0001,17,3.6548,26.17,2.0323,0.9297,10
SYN0001,18,3.6446,25.71,2.0383,0.9324,9
SYN0001,19,3.6462,26.58,2.0163,0.9223,8
SYN0001,20,3.6449,26.88,2.0022,0.9159,7
SYN0001,21,3.6664,27.1,2.0252,0.9264,6
SYN0001,22,3.6518,26.44,1.9981,0.914,5
SYN0001,23,3.6293,26.9,1.9927,0.9115,4
SYN0001,24,3.6433,26.22,1.9678,0.9001,3
SYN0001,25,3.6365,25.98,1.9688,0.9006,2
SYN0001,26,3.6332,26.96,1.9674,0.9,1
SYN0001,27,3.64,27.24,1.9451,0.8897,0
SYN0002,1,3.7036,39.5,2.0228,1.0,15
SYN0002,2,3.7154,40.05,2.0228,1.0,14
SYN0002,3,3.6931,39.51,2.0007,0.9891,13
SYN0002,4,3.7094,38.57,2.0016,0.9895,12
SYN0002,5,3.6681,38.21,2.0035,0.9905,11
SYN0002,6,3.7031,37.74,2.0055,0.9915,10
SYN0002,7,3.69,37.16,1.9863,0.982,9
SYN0002,8,3.6857,38.05,1.9847,0.9812,8
SYN0002,9,3.6855,38.8,1.9709,0.9744,7
SYN0002,10,3.6631,38.43,1.9655,0.9717,6
SYN0002,11,3.6855,38.74,1.9813,0.9795,5
SYN0002,12,3.6916,38.53,1.9823,0.98,4
SYN0002,13,3.6971,39.36,1.9633,0.9706,3
SYN0002,14,3.6791,39.28,1.9696,0.9737,2
SYN0002,15,3.6729,38.81,1.9586,0.9683,1
SYN0002,16,3.6716,45.83,1.9439,0.961,0
SYN0003,1,3.6993,30.46,2.0245,1.0,22
SYN0003,2,3.6763,31.26,2.0094,0.9925,21
SYN0003,3,3.6899,31.05,1.9915,0.9837,20
SYN0003,4,3.6912,30.49,1.9929,0.9843,19
SYN0003,5,3.7113,31.49,1.9794,0.9777,18
SYN0003,6,3.6846,31.51,1.979,0.9775,17
SYN0003,7,3.6818,30.69,1.9529,0.9646,16
SYN0003,8,3.6768,29.78,1.9475,0.9619,15
SYN0003,9,3.6625,29.0,1.9376,0.957,14
SYN0003,10,3.6797,29.26,1.9175,0.9471,13
SYN0003,11,3.6783,29.84,1.9261,0.9514,12
SYN0003,12,3.6759,29.69,1.9165,0.9466,11
SYN0003,13,3.6554,28.81,1.9047,0.9408,10
SYN0003,14,3.6751,28.58,1.8931,0.9351,9
SYN0003,15,3.6407,29.57,1.8719,0.9246,8
SYN0003,16,3.6609,29.63,1.8727,0.925,7
SYN0003,17,3.6744,30.57,1.8643,0.9209,6
SYN0003,18,3.6385,31.29,1.8504,0.914,5
SYN0003,19,3.6419,30.31,1.8477,0.9127,4
SYN0003,20,3.6475,30.76,1.8442,0.9109,3
SYN0003,21,3.6432,31.12,1.85,0.9138,2
SYN0003,22,3.6249,31.19,1.8234,0.9007,1
SYN0003,23,3.6386,30.73,1.8151,0.8965,0
SYN0004,1,3.6925,25.22,2.0344,1.0,36
SYN0004,2,3.6925,25.12,2.0391,1.0023,35
SYN0004,3,3.6857,26.03,2.0137,0.9898,34
SYN0004,4,3.6973,26.78,2.028,0.9969,33
SYN0004,5,3.6912,26.31,1.9929,0.9796,32
SYN0004,6,3.6887,26.31,1.9866,0.9765,31
SYN0004,7,3.6944,25.67,1.9872,0.9768,30
SYN0004,8,3.6768,26.49,1.9551,0.961,29
SYN0004,9,3.6923,27.24,1.959,0.963,28
SYN0004,10,3.6751,26.83,1.9591,0.963,27
SYN0004,11,3.6929,27.11,1.918,0.9428,26
SYN0004,12,3.6741,27.33,1.9254,0.9464,25
SYN0004,13,3.6562,26.63,1.9151,0.9413,24
SYN0004,14,3.6524,27.16,1.9094,0.9385,23
SYN0004,15,3.6586,27.24,1.8775,0.9229,22
SYN0004,16,3.648,27.79,1.8656,0.917,21
SYN0004,17,3.6597,27.86,1.8734,0.9209,20
SYN0004,18,3.6533,26.86,1.8601,0.9143,19
SYN0004,19,3.6444,26.5,1.8485,0.9086,18
SYN0004,20,3.6337,25.54,1.8384,0.9037,17
SYN0004,21,3.6207,26.4,1.8168,0.893,16
SYN0004,22,3.6309,27.16,1.8151,0.8922,15
SYN0004,23,3.6408,27.82,1.8046,0.8871,14
SYN0004,24,3.6281,27.44,1.7832,0.8765,13
SYN0004,25,3.618,26.55,1.7987,0.8841,12
SYN0004,26,3.6247,27.31,1.7733,0.8716,11
SYN0004,27,3.6185,28.2,1.7451,0.8578,10
SYN0004,28,3.6082,27.37,1.753,0.8617,9
SYN0004,29,3.6103,27.35,1.7251,0.848,8
SYN0004,30,3.6115,26.49,1.7322,0.8515,7
SYN0004,31,3.5973,27.01,1.7249,0.8479,6
SYN0004,32,3.603,27.54,1.6935,0.8324,5
SYN0004,33,3.6072,26.79,1.7008,0.836,4
SYN0004,34,3.6075,26.75,1.684,0.8278,3
SYN0004,35,3.6052,26.84,1.6772,0.8244,2
SYN0004,36,3.5809,26.38,1.6771,0.8244,1
SYN0004,37,3.5755,27.12,1.644,0.8081,0
SYN0005,1,3.6931,28.88,1.9648,1.0,88
SYN0005,2,3.7061,29.34,1.9553,0.9951,87
SYN0005,3,3.6973,28.74,1.9458,0.9903,86
SYN0005,4,3.7094,28.36,1.9691,1.0022,85
SYN0005,5,3.6948,29.35,1.9273,0.9809,84
SYN0005,6,3.679,29.65,1.9233,0.9789,83
SYN0005,7,3.6783,29.53,1.912,0.9731,82
SYN0005,8,3.6875,29.56,1.8995,0.9668,81
SYN0005,9,3.6803,28.8,1.8805,0.9571,80
SYN0005,10,3.6744,28.25,1.8815,0.9576,79
SYN0005,11,3.6682,27.93,1.8569,0.9451,78
SYN0005,12,3.6785,28.11,1.8527,0.9429,77
SYN0005,13,3.6562,27.57,1.8407,0.9368,76
SYN0005,14,3.6664,27.01,1.8368,0.9348,75
SYN0005,15,3.6627,26.15,1.8492,0.9412,74
SYN0005,16,3.647,26.41,1.7985,0.9154,73
SYN0005,17,3.665,25.87,1.8141,0.9233,72
SYN0005,18,3.6524,26.68,1.782,0.907,71
SYN0005,19,3.6528,27.4,1.7837,0.9078,70
SYN0005,20,3.6595,26.54,1.7895,0.9108,69
SYN0005,21,3.6407,26.02,1.7699,0.9008,68
SYN0005,22,3.641,26.36,1.7492,0.8903,67
SYN0005,23,3.6292,25.78,1.7432,0.8872,66
SYN0005,24,3.6369,25.05,1.7474,0.8894,65
SYN0005,25,3.6252,25.92,1.724,0.8775,64
SYN0005,26,3.6274,26.06,1.7238,0.8774,63
SYN0005,27,3.6289,26.01,1.7126,0.8716,62
SYN0005,28,3.6098,26.58,1.6962,0.8633,61
SYN0005,29,3.6444,27.19,1.7142,0.8725,60
SYN0005,30,3.606,26.57,1.6898,0.8601,59
SYN0005,31,3.593,25.77,1.6541,0.8419,58
SYN0005,32,3.6205,25.63,1.6664,0.8481,57
SYN0005,33,3.6113,25.47,1.6485,0.839,56
SYN0005,34,3.6113,25.41,1.6539,0.8418,55
SYN0005,35,3.6035,25.87,1.6282,0.8287,54
SYN0005,36,3.5962,26.21,1.6253,0.8272,53
SYN0005,37,3.5863,27.18,1.6219,0.8255,52
SYN0005,38,3.5942,26.38,1.616,0.8225,51
SYN0005,39,3.5776,26.18,1.5861,0.8073,50
SYN0005,40,3.5938,25.86,1.5851,0.8067,49
SYN0005,41,3.5792,26.59,1.5742,0.8012,48
SYN0005,42,3.569,26.08,1.5629,0.7955,47
SYN0005,43,3.5784,25.46,1.5772,0.8027,46
SYN0005,44,3.5788,25.36,1.5543,0.7911,45
SYN0005,45,3.5611,25.2,1.5284,0.7779,44
SYN0005,46,3.5621,24.76,1.5403,0.7839,43
SYN0005,47,3.5735,24.26,1.5426,0.7851,42
SYN0005,48,3.5673,25.11,1.5224,0.7748,41
SYN0005,49,3.5492,24.99,1.4877,0.7572,40
SYN0005,50,3.5498,25.72,1.4884,0.7575,39
SYN0005,51,3.5592,25.82,1.4961,0.7615,38
SYN0005,52,3.5336,24.92,1.4672,0.7467,37
SYN0005,53,3.5345,25.92,1.469,0.7476,36
SYN0005,54,3.5395,26.59,1.4627,0.7445,35
SYN0005,55,3.5365,27.53,1.4364,0.7311,34
SYN0005,56,3.5415,28.38,1.4355,0.7306,33
SYN0005,57,3.5406,29.08,1.3946,0.7098,32
SYN0005,58,3.5382,28.41,1.4069,0.7161,31
SYN0005,59,3.5274,28.38,1.405,0.7151,30
SYN0005,60,3.523,27.81,1.3857,0.7052,29
SYN0005,61,3.5189,27.61,1.4045,0.7148,28
SYN0005,62,3.5166,26.73,1.3648,0.6946,27
SYN0005,63,3.514,26.49,1.3651,0.6948,26
SYN0005,64,3.5189,27.46,1.3612,0.6928,25
SYN0005,65,3.5084,26.99,1.3645,0.6945,24
SYN0005,66,3.5103,27.56,1.3267,0.6752,23
SYN0005,67,3.5254,27.47,1.3428,0.6834,22
SYN0005,68,3.5026,27.31,1.3219,0.6728,21
SYN0005,69,3.5018,28.23,1.3026,0.663,20
SYN0005,70,3.5061,29.22,1.3073,0.6654,19
SYN0005,71,3.4915,29.33,1.2952,0.6592,18
SYN0005,72,3.4924,29.77,1.2778,0.6503,17
SYN0005,73,3.4894,29.07,1.2749,0.6489,16
SYN0005,74,3.486,28.67,1.2609,0.6417,15
SYN0005,75,3.4759,29.61,1.2563,0.6394,14
SYN0005,76,3.4826,29.76,1.2521,0.6373,13
SYN0005,77,3.4872,29.85,1.2517,0.6371,12
SYN0005,78,3.4854,30.34,1.2144,0.6181,11
SYN0005,79,3.4877,29.46,1.2381,0.6301,10
SYN0005,80,3.4844,29.63,1.1883,0.6048,9
SYN0005,81,3.4577,29.63,1.1965,0.609,8
SYN0005,82,3.4734,30.34,1.1943,0.6078,7
SYN0005,83,3.4627,29.65,1.1817,0.6015,6
SYN0005,84,3.4771,30.57,1.1633,0.5921,5
SYN0005,85,3.4455,29.73,1.1579,0.5893,4
SYN0005,86,3.4414,29.11,1.1455,0.583,3
SYN0005,87,3.4406,29.3,1.1351,0.5777,2
SYN0005,88,3.4268,29.65,1.1397,0.5801,1
SYN0005,89,3.4384,29.12,1.1254,0.5728,0
SYN0006,1,3.6975,18.62,1.8389,1.0,37
SYN0006,2,3.7118,18.81,1.8453,1.0035,36
SYN0006,3,3.7084,19.05,1.845,1.0033,35
SYN0006,4,3.7166,18.88,1.848,1.0049,34
SYN0006,5,3.6928,19.05,1.8465,1.0042,33
SYN0006,6,3.7041,19.1,1.8304,0.9954,32
SYN0006,7,3.7062,19.97,1.8254,0.9926,31
SYN0006,8,3.6815,19.37,1.8362,0.9985,30
SYN0006,9,3.6812,19.81,1.8174,0.9883,29
SYN0006,10,3.6814,19.28,1.8445,1.003,28
SYN0006,11,3.6965,19.08,1.8364,0.9987,27
SYN0006,12,3.7007,19.42,1.8192,0.9893,26
SYN0006,13,3.7042,19.02,1.8056,0.9819,25
SYN0006,14,3.6985,18.65,1.8319,0.9962,24
SYN0006,15,3.7089,19.16,1.8163,0.9877,23
SYN0006,16,3.6822,18.3,1.8268,0.9934,22
SYN0006,17,3.6698,18.22,1.7986,0.9781,21
SYN0006,18,3.6886,19.21,1.8057,0.982,20
SYN0006,19,3.6942,20.21,1.8093,0.9839,19
SYN0006,20,3.6895,19.35,1.8076,0.983,18
SYN0006,21,3.667,18.78,1.801,0.9794,17
SYN0006,22,3.6893,18.31,1.8089,0.9837,16
SYN0006,23,3.6714,19.18,1.7912,0.9741,15
SYN0006,24,3.6933,19.94,1.7977,0.9776,14
SYN0006,25,3.6903,20.7,1.7981,0.9778,13
SYN0006,26,3.6778,20.44,1.7997,0.9787,12
SYN0006,27,3.682,19.75,1.7995,0.9786,11
SYN0006,28,3.6703,20.42,1.7805,0.9682,10
SYN0006,29,3.6784,20.83,1.7746,0.9651,9
SYN0006,30,3.6964,21.05,1.7986,0.9781,8
SYN0006,31,3.6735,22.02,1.7878,0.9722,7
SYN0006,32,3.6844,22.33,1.7758,0.9657,6
SYN0006,33,3.6804,21.35,1.795,0.9761,5
SYN0006,34,3.6728,21.98,1.7797,0.9678,4
SYN0006,35,3.6822,21.58,1.7875,0.972,3
SYN0006,36,3.6689,21.91,1.7752,0.9653,2
SYN0006,37,3.679,22.78,1.7915,0.9743,1
SYN0006,38,3.671,22.05,1.7867,0.9716,0
SYN0007,1,3.6892,29.36,1.8462,1.0,26
SYN0007,2,3.7105,28.91,1.8265,0.9894,25
SYN0007,3,3.697,29.12,1.8097,0.9803,24
SYN0007,4,3.6876,29.55,1.8082,0.9794,23
SYN0007,5,3.6982,28.96,1.7952,0.9724,22
SYN0007,6,3.6806,29.23,1.7842,0.9664,21
SYN0007,7,3.6705,28.76,1.7819,0.9652,20
SYN0007,8,3.6915,28.73,1.7732,0.9605,19
SYN0007,9,3.6746,29.54,1.7514,0.9486,18
SYN0007,10,3.6554,30.24,1.741,0.943,17
SYN0007,11,3.6616,29.42,1.7337,0.9391,16
SYN0007,12,3.6454,29.27,1.705,0.9236,15
SYN0007,13,3.6394,28.82,1.7023,0.9221,14
SYN0007,14,3.6679,27.83,1.7189,0.9311,13
SYN0007,15,3.6753,28.37,1.7115,0.9271,12
SYN0007,16,3.6333,28.64,1.684,0.9122,11
SYN0007,17,3.6522,28.17,1.6817,0.9109,10
SYN0007,18,3.636,28.65,1.6692,0.9042,9
SYN0007,19,3.6427,28.75,1.6848,0.9126,8
SYN0007,20,3.6325,28.61,1.6567,0.8974,7
SYN0007,21,3.6228,27.63,1.6352,0.8857,6
SYN0007,22,3.6262,26.78,1.6176,0.8762,5
SYN0007,23,3.6122,27.55,1.6016,0.8675,4
SYN0007,24,3.6254,28.35,1.6083,0.8711,3
SYN0007,25,3.6161,28.44,1.5894,0.8609,2
SYN0007,26,3.6089,29.11,1.5733,0.8522,1
SYN0007,27,3.6013,29.28,1.5705,0.8507,0
SYN0008,1,3.7075,20.79,1.844,1.0,4
SYN0008,2,3.6841,21.59,1.8466,1.0014,3
SYN0008,3,3.7023,22.18,1.8343,0.9947,2
SYN0008,4,3.6825,22.9,1.8107,0.982,1
SYN0008,5,3.4649,23.7,1.8109,0.982,0
SYN0009,1,3.715,13.6,1.8681,1.0,84
SYN0009,2,3.7006,14.16,1.8496,0.9901,83
SYN0009,3,3.6912,14.93,1.8425,0.9863,82
SYN0009,4,3.6969,14.74,1.8496,0.9901,81
SYN0009,5,3.6806,14.98,1.8429,0.9865,80
SYN0009,6,3.71,14.29,1.8232,0.976,79
SYN0009,7,3.6887,15.15,1.829,0.9791,78
SYN0009,8,3.6788,15.88,1.7986,0.9628,77
SYN0009,9,3.687,16.83,1.8049,0.9662,76
SYN0009,10,3.6783,17.45,1.7854,0.9557,75
SYN0009,11,3.6746,18.22,1.782,0.9539,74
SYN0009,12,3.6637,17.26,1.7799,0.9528,73
SYN0009,13,3.6708,17.74,1.7626,0.9435,72
SYN0009,14,3.6836,17.4,1.7583,0.9412,71
SYN0009,15,3.6796,18.26,1.7627,0.9436,70
SYN0009,16,3.6745,18.87,1.7391,0.9309,69
SYN0009,17,3.6549,19.6,1.7437,0.9334,68
SYN0009,18,3.6414,20.22,1.7165,0.9188,67
SYN0009,19,3.6523,19.75,1.7234,0.9225,66
SYN0009,20,3.654,20.33,1.7232,0.9224,65
SYN0009,21,3.6498,19.54,1.6777,0.898,64
SYN0009,22,3.6242,20.29,1.6847,0.9018,63
SYN0009,23,3.6577,21.0,1.6889,0.9041,62
SYN0009,24,3.6357,20.45,1.6729,0.8955,61
SYN0009,25,3.632,21.08,1.6696,0.8937,60
SYN0009,26,3.6204,21.0,1.6517,0.8841,59
SYN0009,27,3.6132,20.61,1.6494,0.8829,58
SYN0009,28,3.6345,21.2,1.6384,0.8771,57
SYN0009,29,3.6282,20.66,1.6422,0.8791,56
SYN0009,30,3.609,19.71,1.6249,0.8698,55
SYN0009,31,3.6064,19.09,1.6169,0.8655,54
SYN0009,32,3.6109,18.75,1.6012,0.8571,53
SYN0009,33,3.6279,19.48,1.5917,0.852,52
SYN0009,34,3.606,20.41,1.5835,0.8477,51
SYN0009,35,3.5933,19.97,1.5826,0.8472,50
SYN0009,36,3.6006,20.25,1.5662,0.8384,49
SYN0009,37,3.5997,20.05,1.5642,0.8373,48
SYN0009,38,3.578,21.01,1.5723,0.8416,47
SYN0009,39,3.598,21.09,1.5522,0.8309,46
SYN0009,40,3.5898,21.97,1.5322,0.8202,45
SYN0009,41,3.6009,21.2,1.5379,0.8232,44
SYN0009,42,3.6048,22.14,1.514,0.8104,43
SYN0009,43,3.5898,21.49,1.4899,0.7976,42
SYN0009,44,3.5762,22.42,1.4909,0.7981,41
SYN0009,45,3.5624,21.95,1.4741,0.7891,40
SYN0009,46,3.601,21.17,1.4797,0.7921,39
SYN0009,47,3.5741,21.04,1.4744,0.7893,38
SYN0009,48,3.5759,21.49,1.4813,0.793,37
SYN0009,49,3.5686,21.12,1.4599,0.7815,36
SYN0009,50,3.5664,21.33,1.446,0.7741,35
SYN0009,51,3.5634,21.36,1.4472,0.7747,34
SYN0009,52,3.5471,21.13,1.4098,0.7547,33
SYN0009,53,3.5519,21.28,1.4242,0.7624,32
SYN0009,54,3.5559,20.79,1.4205,0.7604,31
SYN0009,55,3.5412,21.21,1.3906,0.7444,30
SYN0009,56,3.5446,20.21,1.4066,0.7529,29
SYN0009,57,3.5476,21.06,1.3903,0.7442,28
SYN0009,58,3.5389,21.14,1.3744,0.7357,27
SYN0009,59,3.5569,21.58,1.3756,0.7364,26
SYN0009,60,3.5175,22.06,1.3823,0.7399,25
SYN0009,61,3.5458,22.4,1.3539,0.7247,24
SYN0009,62,3.5447,22.13,1.3458,0.7204,23
SYN0009,63,3.5066,21.27,1.3304,0.7122,22
SYN0009,64,3.5199,21.6,1.318,0.7055,21
SYN0009,65,3.5219,21.26,1.3251,0.7093,20
SYN0009,66,3.5036,20.89,1.3005,0.6962,19
SYN0009,67,3.5099,21.58,1.3006,0.6962,18
SYN0009,68,3.5021,22.02,1.2867,0.6888,17
SYN0009,69,3.5309,21.62,1.287,0.6889,16
SYN0009,70,3.5195,21.24,1.2769,0.6835,15
SYN0009,71,3.5222,21.06,1.2748,0.6824,14
SYN0009,72,3.5092,20.86,1.2515,0.6699,13
SYN0009,73,3.4886,20.45,1.245,0.6665,12
SYN0009,74,3.4897,19.71,1.2296,0.6582,11
SYN0009,75,3.4986,19.55,1.226,0.6563,10
SYN0009,76,3.4812,20.43,1.225,0.6557,9
SYN0009,77,3.4989,20.79,1.2198,0.653,8
SYN0009,78,3.4815,21.59,1.1953,0.6398,7
SYN0009,79,3.4828,21.82,1.2035,0.6442,6
SYN0009,80,3.4923,21.42,1.1993,0.642,5
SYN0009,81,3.484,21.52,1.1817,0.6326,4
SYN0009,82,3.4776,20.52,1.1868,0.6353,3
SYN0009,83,3.4819,20.09,1.1531,0.6173,2
SYN0009,84,3.4553,19.95,1.14,0.6102,1
SYN0009,85,3.4679,20.11,1.1262,0.6029,0
SYN0010,1,3.6948,25.48,2.0609,1.0,5
SYN0010,2,3.7057,24.9,2.0445,0.992,4
SYN0010,3,3.688,24.85,2.0439,0.9918,3
SYN0010,4,3.6742,25.65,2.0206,0.9804,2
SYN0010,5,3.6772,26.24,2.0359,0.9879,1
SYN0010,6,3.6934,25.58,2.0174,0.9789,0
SYN0011,1,3.704,32.15,1.8164,1.0,6
SYN0011,2,3.7054,31.82,1.8339,1.0097,5
SYN0011,3,3.7048,32.46,1.7974,0.9896,4
SYN0011,4,3.7044,32.96,1.8263,1.0054,3
SYN0011,5,3.6984,33.31,1.8068,0.9947,2
SYN0011,6,3.6904,32.76,1.7982,0.99,1
SYN0011,7,3.6902,32.16,1.7883,0.9845,0
SYN0012,1,3.7002,26.63,1.8041,1.0,5
SYN0012,2,3.6946,27.33,1.7775,0.9852,4
SYN0012,3,3.684,26.47,1.7723,0.9824,3
SYN0012,4,3.6851,26.3,1.7828,0.9882,2
SYN0012,5,3.6903,26.56,1.7692,0.9806,1
SYN0012,6,3.6747,25.95,1.7576,0.9742,0
SYN0013,1,3.6937,18.54,2.076,1.0,35
SYN0013,2,3.7098,18.85,2.0472,0.9861,34
SYN0013,3,3.705,17.86,2.0688,0.9965,33
SYN0013,4,3.6887,18.36,2.0562,0.9905,32
SYN0013,5,3.698,18.9,2.0471,0.9861,31
SYN0013,6,3.7016,18.12,2.0478,0.9865,30
SYN0013,7,3.6982,17.97,2.0481,0.9866,29
SYN0013,8,3.6723,17.32,2.0345,0.98,28
SYN0013,9,3.6702,18.24,1.998,0.9625,27
SYN0013,10,3.6747,18.27,1.997,0.962,26
SYN0013,11,3.6764,17.37,1.997,0.962,25
SYN0013,12,3.6834,16.87,1.997,0.962,24
SYN0013,13,3.6785,17.57,1.9953,0.9611,23
SYN0013,14,3.6576,17.48,1.9755,0.9516,22
SYN0013,15,3.6755,18.08,1.9782,0.9529,21
SYN0013,16,3.673,18.42,1.9616,0.9449,20
SYN0013,17,3.671,19.39,1.9563,0.9423,19
SYN0013,18,3.6718,19.58,1.9412,0.9351,18
SYN0013,19,3.6689,20.48,1.9394,0.9342,17
SYN0013,20,3.6619,21.27,1.9281,0.9288,16
SYN0013,21,3.6557,21.49,1.9252,0.9274,15
SYN0013,22,3.6439,21.93,1.9395,0.9342,14
SYN0013,23,3.6569,21.94,1.9118,0.9209,13
SYN0013,24,3.6634,22.6,1.9422,0.9356,12
SYN0013,25,3.6557,22.7,1.9132,0.9216,11
SYN0013,26,3.6373,23.49,1.9032,0.9168,10
SYN0013,27,3.6341,23.98,1.8855,0.9082,9
SYN0013,28,3.6582,23.93,1.8949,0.9128,8
SYN0013,29,3.6415,23.45,1.8748,0.9031,7
SYN0013,30,3.6488,22.94,1.8752,0.9033,6
SYN0013,31,3.6476,23.22,1.8937,0.9122,5
SYN0013,32,3.6377,23.75,1.8593,0.8956,4
SYN0013,33,3.6485,23.79,1.8654,0.8986,3
SYN0013,34,3.6265,24.05,1.8394,0.886,2
SYN0013,35,3.6326,23.59,1.8395,0.8861,1
SYN0013,36,3.6305,22.75,1.8514,0.8918,0
SYN0014,1,3.702,21.19,1.9015,1.0,55
SYN0014,2,3.6825,21.27,1.8941,0.9961,54
SYN0014,3,3.712,20.55,1.8905,0.9942,53
SYN0014,4,3.7097,20.01,1.8752,0.9862,52
SYN0014,5,3.6881,20.4,1.8832,0.9904,51
SYN0014,6,3.6811,20.81,1.854,0.975,50
SYN0014,7,3.6873,19.94,1.8521,0.974,49
SYN0014,8,3.6843,19.75,1.8411,0.9682,48
SYN0014,9,3.6905,19.84,1.8505,0.9732,47
SYN0014,10,3.6975,19.67,1.8299,0.9624,46
SYN0014,11,3.6754,19.08,1.8293,0.962,45
SYN0014,12,3.6589,18.92,1.7966,0.9448,44
SYN0014,13,3.6557,19.73,1.8047,0.9491,43
SYN0014,14,3.6613,19.9,1.8021,0.9477,42
SYN0014,15,3.6631,20.29,1.7857,0.9391,41
SYN0014,16,3.6817,21.01,1.7865,0.9395,40
SYN0014,17,3.651,21.54,1.7627,0.927,39
SYN0014,18,3.6615,21.3,1.7725,0.9322,38
SYN0014,19,3.6591,20.31,1.7724,0.9321,37
SYN0014,20,3.6604,20.01,1.7383,0.9142,36
SYN0014,21,3.6708,20.52,1.7289,0.9092,35
SYN0014,22,3.6432,21.23,1.7385,0.9142,34
SYN0014,23,3.6413,22.13,1.731,0.9103,33
SYN0014,24,3.6476,21.97,1.7023,0.8952,32
SYN0014,25,3.6415,22.47,1.6946,0.8912,31
SYN0014,26,3.6509,22.56,1.6873,0.8874,30
SYN0014,27,3.6323,22.77,1.6685,0.8775,29
SYN0014,28,3.6215,22.21,1.664,0.8751,28
SYN0014,29,3.628,21.65,1.6546,0.8701,27
SYN0014,30,3.6312,21.52,1.6482,0.8668,26
SYN0014,31,3.6278,20.58,1.6466,0.8659,25
SYN0014,32,3.6227,20.25,1.6405,0.8628,24
SYN0014,33,3.6296,20.61,1.6445,0.8648,23
SYN0014,34,3.6202,20.42,1.6115,0.8475,22
SYN0014,35,3.6256,19.75,1.6218,0.8529,21
SYN0014,36,3.6119,19.68,1.6017,0.8424,20
SYN0014,37,3.6015,18.94,1.5947,0.8386,19
SYN0014,38,3.6041,19.18,1.593,0.8378,18
SYN0014,39,3.6066,18.23,1.5672,0.8242,17
SYN0014,40,3.5882,18.02,1.573,0.8272,16
SYN0014,41,3.5966,18.15,1.5623,0.8216,15
SYN0014,42,3.5873,17.21,1.5568,0.8187,14
SYN0014,43,3.5882,17.49,1.5462,0.8131,13
SYN0014,44,3.6045,16.76,1.5583,0.8195,12
SYN0014,45,3.5816,16.69,1.5201,0.7994,11
SYN0014,46,3.5777,15.79,1.5125,0.7954,10
SYN0014,47,3.5606,15.54,1.503,0.7904,9
SYN0014,48,3.5792,14.97,1.495,0.7862,8
SYN0014,49,3.5752,14.62,1.4856,0.7813,7
SYN0014,50,3.5932,15.14,1.4944,0.7859,6
SYN0014,51,3.5664,14.9,1.488,0.7825,5
SYN0014,52,3.563,15.41,1.4603,0.768,4
SYN0014,53,3.5598,16.07,1.4492,0.7621,3
SYN0014,54,3.5743,15.57,1.4531,0.7642,2
SYN0014,55,3.5517,14.74,1.4346,0.7545,1
SYN0014,56,3.5563,13.78,1.4374,0.7559,0
SYN0015,1,3.6857,22.25,2.0158,1.0,52
SYN0015,2,3.7012,22.55,2.0156,0.9999,51
SYN0015,3,3.6909,23.11,2.0082,0.9963,50
SYN0015,4,3.7078,23.41,2.0137,0.999,49
SYN0015,5,3.6935,23.92,2.0158,1.0,48
SYN0015,6,3.6907,24.82,1.9994,0.9919,47
SYN0015,7,3.6794,24.22,2.01,0.9972,46
SYN0015,8,3.691,23.26,2.0006,0.9925,45
SYN0015,9,3.6758,22.57,2.0158,1.0,44
SYN0015,10,3.6766,21.82,1.9903,0.9874,43
SYN0015,11,3.7026,22.16,1.999,0.9917,42
SYN0015,12,3.7054,22.29,2.0075,0.9959,41
SYN0015,13,3.7043,21.72,2.0158,1.0,40
SYN0015,14,3.6859,22.12,2.001,0.9927,39
SYN0015,15,3.6934,22.65,1.995,0.9897,38
SYN0015,16,3.7,21.99,2.0158,1.0,37
SYN0015,17,3.679,22.2,1.984,0.9843,36
SYN0015,18,3.703,22.7,1.9754,0.98,35
SYN0015,19,3.7044,21.93,2.001,0.9927,34
SYN0015,20,3.6903,22.57,1.9905,0.9875,33
SYN0015,21,3.6909,23.5,1.9843,0.9844,32
SYN0015,22,3.6976,22.71,2.0007,0.9925,31
SYN0015,23,3.6734,21.77,1.995,0.9897,30
SYN0015,24,3.6886,21.39,1.9859,0.9852,29
SYN0015,25,3.6818,21.74,1.9776,0.9811,28
SYN0015,26,3.6848,22.66,1.9983,0.9913,27
SYN0015,27,3.691,22.45,1.9951,0.9897,26
SYN0015,28,3.7093,22.88,1.9865,0.9855,25
SYN0015,29,3.7032,22.04,2.0051,0.9947,24
SYN0015,30,3.6821,22.42,1.9747,0.9796,23
SYN0015,31,3.6918,22.67,1.9691,0.9769,22
SYN0015,32,3.7023,21.88,1.9765,0.9805,21
SYN0015,33,3.6992,22.42,1.982,0.9833,20
SYN0015,34,3.6911,23.12,1.9839,0.9842,19
SYN0015,35,3.6823,23.32,1.978,0.9813,18
SYN0015,36,3.6972,22.56,1.983,0.9837,17
SYN0015,37,3.6891,23.53,1.9658,0.9752,16
SYN0015,38,3.7019,24.1,1.992,0.9882,15
SYN0015,39,3.6944,23.79,1.9756,0.9801,14
SYN0015,40,3.7018,23.65,1.9867,0.9856,13
SYN0015,41,3.6834,23.39,1.9779,0.9812,12
SYN0015,42,3.7019,23.4,1.978,0.9813,11
SYN0015,43,3.6908,23.08,1.9781,0.9813,10
SYN0015,44,3.7089,23.78,1.9759,0.9802,9
SYN0015,45,3.6815,24.43,1.9768,0.9807,8
SYN0015,46,3.7075,23.64,1.9828,0.9836,7
SYN0015,47,3.6885,24.56,1.9703,0.9775,6
SYN0015,48,3.6812,24.83,1.9745,0.9795,5
SYN0015,49,3.6802,25.49,1.9654,0.975,4
SYN0015,50,3.6861,25.9,1.9798,0.9822,3
SYN0015,51,3.6869,25.77,1.9575,0.9711,2
SYN0015,52,3.695,26.24,1.9815,0.983,1
SYN0015,53,3.6782,32.0,1.9619,0.9733,0
SYN0016,1,3.7061,28.84,1.9048,1.0,5
SYN0016,2,3.6908,28.8,1.908,1.0017,4
SYN0016,3,3.6984,28.67,1.908,1.0017,3
SYN0016,4,3.6819,29.14,1.9003,0.9976,2
SYN0016,5,3.7004,28.67,1.8936,0.9941,1
SYN0016,6,3.7022,29.38,1.8914,0.9929,0
SYN0017,1,3.7105,40.86,2.1154,1.0,4
SYN0017,2,3.7197,40.34,2.1255,1.0048,3
SYN0017,3,3.6865,40.27,2.0839,0.9851,2
SYN0017,4,3.6978,40.49,2.0696,0.9784,1
SYN0017,5,3.6884,40.25,2.0758,0.9813,0
SYN0018,1,3.7092,16.36,1.8075,1.0,137
SYN0018,2,3.6856,15.79,1.8115,1.0022,136
SYN0018,3,3.691,16.38,1.8102,1.0015,135
SYN0018,4,3.7028,16.06,1.7876,0.989,134
SYN0018,5,3.6915,16.83,1.8115,1.0022,133
SYN0018,6,3.6985,17.23,1.8096,1.0012,132
SYN0018,7,3.6994,16.78,1.7891,0.9898,131
SYN0018,8,3.6865,15.8,1.7959,0.9936,130
SYN0018,9,3.6967,16.7,1.7944,0.9928,129
SYN0018,10,3.6808,15.87,1.7899,0.9903,128
SYN0018,11,3.6849,16.31,1.7802,0.9849,127
SYN0018,12,3.693,16.29,1.7767,0.983,126
SYN0018,13,3.675,16.8,1.7802,0.9849,125
SYN0018,14,3.6981,17.18,1.7886,0.9895,124
SYN0018,15,3.6908,17.47,1.7805,0.9851,123
SYN0018,16,3.693,17.46,1.7699,0.9792,122
SYN0018,17,3.6924,18.04,1.7778,0.9836,121
SYN0018,18,3.6921,17.23,1.7426,0.9641,120
SYN0018,19,3.6909,16.67,1.7765,0.9828,119
SYN0018,20,3.6759,17.06,1.7479,0.967,118
SYN0018,21,3.6848,16.67,1.758,0.9726,117
SYN0018,22,3.6859,16.83,1.7487,0.9675,116
SYN0018,23,3.6797,16.78,1.7448,0.9653,115
SYN0018,24,3.6862,16.84,1.7646,0.9763,114
SYN0018,25,3.673,16.69,1.7475,0.9668,113
SYN0018,26,3.6751,17.18,1.7525,0.9695,112
SYN0018,27,3.6657,16.84,1.7465,0.9662,111
SYN0018,28,3.698,17.25,1.7489,0.9675,110
SYN0018,29,3.6661,16.79,1.7428,0.9642,109
SYN0018,30,3.6667,16.29,1.7281,0.9561,108
SYN0018,31,3.6725,15.54,1.7464,0.9662,107
SYN0018,32,3.6834,14.92,1.7305,0.9574,106
SYN0018,33,3.6675,14.16,1.7185,0.9507,105
SYN0018,34,3.6855,14.23,1.7263,0.9551,104
SYN0018,35,3.6713,14.76,1.7414,0.9634,103
SYN0018,36,3.6781,14.13,1.7331,0.9588,102
SYN0018,37,3.6625,13.56,1.7199,0.9515,101
SYN0018,38,3.6916,13.53,1.7175,0.9502,100
SYN0018,39,3.6575,13.98,1.7153,0.949,99
SYN0018,40,3.6789,14.93,1.7347,0.9597,98
SYN0018,41,3.6763,14.98,1.7169,0.9499,97
SYN0018,42,3.6734,14.54,1.715,0.9488,96
SYN0018,43,3.6684,13.75,1.718,0.9505,95
SYN0018,44,3.6658,13.13,1.7085,0.9452,94
SYN0018,45,3.6653,12.59,1.7016,0.9414,93
SYN0018,46,3.6627,11.95,1.6997,0.9404,92
SYN0018,47,3.6734,10.98,1.6985,0.9397,91
SYN0018,48,3.6852,11.04,1.6964,0.9385,90
SYN0018,49,3.659,10.59,1.7009,0.941,89
SYN0018,50,3.6481,11.54,1.6924,0.9363,88
SYN0018,51,3.6622,11.65,1.6962,0.9384,87
SYN0018,52,3.6856,12.04,1.6864,0.933,86
SYN0018,53,3.6515,11.3,1.6855,0.9325,85
SYN0018,54,3.6688,12.03,1.6643,0.9208,84
SYN0018,55,3.6772,12.01,1.6883,0.934,83
SYN0018,56,3.6524,12.76,1.6807,0.9299,82
SYN0018,57,3.6648,12.91,1.6842,0.9318,81
SYN0018,58,3.6629,12.85,1.6466,0.911,80
SYN0018,59,3.657,12.73,1.6893,0.9346,79
SYN0018,60,3.6512,12.1,1.6668,0.9221,78
SYN0018,61,3.6504,11.2,1.6757,0.9271,77
SYN0018,62,3.6388,12.08,1.6538,0.915,76
SYN0018,63,3.6467,12.04,1.6664,0.9219,75
SYN0018,64,3.6351,12.68,1.6489,0.9123,74
SYN0018,65,3.6482,12.48,1.6504,0.9131,73
SYN0018,66,3.647,11.63,1.671,0.9245,72
SYN0018,67,3.6499,11.89,1.6496,0.9126,71
SYN0018,68,3.6324,11.0,1.6509,0.9133,70
SYN0018,69,3.6525,10.3,1.6544,0.9153,69
SYN0018,70,3.6556,10.42,1.6486,0.9121,68
SYN0018,71,3.6255,10.03,1.6431,0.909,67
SYN0018,72,3.649,11.02,1.6427,0.9088,66
SYN0018,73,3.6629,10.25,1.6587,0.9177,65
SYN0018,74,3.6303,10.78,1.634,0.904,64
SYN0018,75,3.6591,10.99,1.634,0.904,63
SYN0018,76,3.6483,11.58,1.6393,0.9069,62
SYN0018,77,3.6365,11.03,1.6374,0.9059,61
SYN0018,78,3.6424,11.07,1.6358,0.905,60
SYN0018,79,3.6461,10.97,1.6284,0.9009,59
SYN0018,80,3.6351,10.86,1.6099,0.8906,58
SYN0018,81,3.6473,11.58,1.6326,0.9032,57
SYN0018,82,3.6236,12.56,1.6051,0.888,56
SYN0018,83,3.638,12.17,1.6158,0.8939,55
SYN0018,84,3.6182,12.41,1.6038,0.8873,54
SYN0018,85,3.6326,12.63,1.6077,0.8894,53
SYN0018,86,3.625,13.11,1.6089,0.8901,52
SYN0018,87,3.6259,14.01,1.6064,0.8887,51
SYN0018,88,3.6451,13.42,1.6049,0.8879,50
SYN0018,89,3.6464,12.84,1.6133,0.8926,49
SYN0018,90,3.6373,13.17,1.6004,0.8854,48
SYN0018,91,3.6174,12.48,1.5917,0.8806,47
SYN0018,92,3.628,11.83,1.6003,0.8853,46
SYN0018,93,3.6432,10.98,1.5999,0.8851,45
SYN0018,94,3.6244,9.98,1.5756,0.8717,44
SYN0018,95,3.6509,9.88,1.5898,0.8795,43
SYN0018,96,3.6312,10.07,1.5883,0.8787,42
SYN0018,97,3.6254,9.65,1.5769,0.8724,41
SYN0018,98,3.6246,9.12,1.5896,0.8795,40
SYN0018,99,3.6236,9.53,1.5734,0.8705,39
SYN0018,100,3.6208,9.94,1.5735,0.8706,38
SYN0018,101,3.6277,9.84,1.5684,0.8677,37
SYN0018,102,3.63,10.22,1.5678,0.8674,36
SYN0018,103,3.6084,11.07,1.5553,0.8605,35
SYN0018,104,3.6011,11.64,1.5498,0.8574,34
SYN0018,105,3.6044,11.89,1.5749,0.8713,33
SYN0018,106,3.6197,12.22,1.5504,0.8577,32
SYN0018,107,3.6024,13.08,1.5467,0.8557,31
SYN0018,108,3.5876,12.93,1.5338,0.8486,30
SYN0018,109,3.6168,13.02,1.5451,0.8548,29
SYN0018,110,3.635,13.32,1.5365,0.8501,28
SYN0018,111,3.6181,14.13,1.561,0.8636,27
SYN0018,112,3.6239,14.79,1.5529,0.8591,26
SYN0018,113,3.6104,13.93,1.5351,0.8493,25
SYN0018,114,3.6166,13.26,1.5593,0.8627,24
SYN0018,115,3.6222,12.88,1.5454,0.855,23
SYN0018,116,3.6054,13.38,1.5312,0.8471,22
SYN0018,117,3.6036,13.51,1.5091,0.8349,21
SYN0018,118,3.6178,13.09,1.5501,0.8576,20
SYN0018,119,3.596,12.34,1.5144,0.8378,19
SYN0018,120,3.6111,12.72,1.5097,0.8352,18
SYN0018,121,3.6066,13.12,1.5315,0.8473,17
SYN0018,122,3.6043,14.0,1.5419,0.8531,16
SYN0018,123,3.6132,14.0,1.53,0.8464,15
SYN0018,124,3.5956,13.99,1.5201,0.841,14
SYN0018,125,3.6042,13.15,1.518,0.8398,13
SYN0018,126,3.6038,12.23,1.518,0.8398,12
SYN0018,127,3.6137,12.1,1.5147,0.838,11
SYN0018,128,3.6053,11.74,1.508,0.8343,10
SYN0018,129,3.599,11.24,1.504,0.8321,9
SYN0018,130,3.6061,10.42,1.5001,0.8299,8
SYN0018,131,3.609,11.35,1.4915,0.8251,7
SYN0018,132,3.6013,12.02,1.4934,0.8262,6
SYN0018,133,3.5908,12.17,1.4782,0.8178,5
SYN0018,134,3.5816,13.07,1.4902,0.8245,4
SYN0018,135,3.5806,14.07,1.4798,0.8187,3
SYN0018,136,3.587,14.41,1.4763,0.8168,2
SYN0018,137,3.587,13.95,1.4856,0.8219,1
SYN0018,138,3.5941,13.03,1.4942,0.8266,0
SYN0019,1,3.6956,32.8,2.0959,1.0,158
SYN0019,2,3.7066,33.63,2.0937,0.9989,157
SYN0019,3,3.6918,33.0,2.0802,0.9925,156
SYN0019,4,3.7124,33.17,2.0789,0.9919,155
SYN0019,5,3.6878,33.44,2.0673,0.9863,154
SYN0019,6,3.6859,33.42,2.0387,0.9727,153
SYN0019,7,3.694,32.6,2.0424,0.9745,152
SYN0019,8,3.6708,32.3,2.0436,0.975,151
SYN0019,9,3.6622,31.97,2.0252,0.9663,150
SYN0019,10,3.6679,32.31,2.0371,0.9719,149
SYN0019,11,3.6965,33.02,2.0397,0.9732,148
SYN0019,12,3.6754,32.68,2.0292,0.9682,147
SYN0019,13,3.7001,33.07,2.007,0.9576,146
SYN0019,14,3.672,32.65,2.0177,0.9627,145
SYN0019,15,3.6734,33.54,1.9965,0.9525,144
SYN0019,16,3.6834,34.16,1.9842,0.9467,143
SYN0019,17,3.6852,34.26,1.9741,0.9419,142
SYN0019,18,3.6846,34.17,1.9702,0.94,141
SYN0019,19,3.6738,33.8,1.9621,0.9362,140
SYN0019,20,3.6716,33.45,1.9608,0.9355,139
SYN0019,21,3.6652,34.39,1.9535,0.9321,138
SYN0019,22,3.6645,34.2,1.9447,0.9278,137
SYN0019,23,3.6504,34.23,1.9421,0.9266,136
SYN0019,24,3.648,35.2,1.9428,0.927,135
SYN0019,25,3.6534,35.52,1.9331,0.9223,134
SYN0019,26,3.6423,35.6,1.9004,0.9067,133
SYN0019,27,3.6342,35.43,1.882,0.8979,132
SYN0019,28,3.6542,34.81,1.9114,0.912,131
SYN0019,29,3.6478,34.53,1.8801,0.897,130
SYN0019,30,3.6405,35.04,1.8849,0.8993,129
SYN0019,31,3.6495,35.29,1.8678,0.8912,128
SYN0019,32,3.6193,35.81,1.854,0.8846,127
SYN0019,33,3.6338,35.22,1.8714,0.8929,126
SYN0019,34,3.6272,35.32,1.8666,0.8906,125
SYN0019,35,3.6096,36.17,1.8453,0.8804,124
SYN0019,36,3.6193,36.05,1.817,0.8669,123
SYN0019,37,3.623,36.45,1.8313,0.8737,122
SYN0019,38,3.6402,35.69,1.834,0.875,121
SYN0019,39,3.6236,36.64,1.8072,0.8622,120
SYN0019,40,3.61,36.85,1.8175,0.8671,119
SYN0019,41,3.6362,36.33,1.8082,0.8627,118
SYN0019,42,3.6296,35.65,1.8073,0.8623,117
SYN0019,43,3.6198,35.75,1.7953,0.8566,116
SYN0019,44,3.6063,35.85,1.7766,0.8476,115
SYN0019,45,3.6035,35.04,1.7922,0.8551,114
SYN0019,46,3.6032,36.03,1.7708,0.8449,113
SYN0019,47,3.6162,36.85,1.765,0.8421,112
SYN0019,48,3.6193,36.77,1.7483,0.8342,111
SYN0019,49,3.6153,36.01,1.7463,0.8332,110
SYN0019,50,3.5916,36.67,1.7345,0.8276,109
SYN0019,51,3.5854,36.67,1.7348,0.8277,108
SYN0019,52,3.6016,37.1,1.7474,0.8337,107
SYN0019,53,3.5712,37.12,1.7078,0.8148,106
SYN0019,54,3.5894,36.67,1.6981,0.8102,105
SYN0019,55,3.5919,37.34,1.7234,0.8223,104
SYN0019,56,3.5816,38.3,1.6985,0.8104,103
SYN0019,57,3.5669,37.79,1.6865,0.8047,102
SYN0019,58,3.591,37.89,1.6973,0.8098,101
SYN0019,59,3.5736,37.65,1.6729,0.7981,100
SYN0019,60,3.5725,38.5,1.6912,0.8069,99
SYN0019,61,3.5499,38.52,1.672,0.7977,98
SYN0019,62,3.5728,39.27,1.6526,0.7885,97
SYN0019,63,3.5967,40.0,1.6732,0.7983,96
SYN0019,64,3.5852,39.55,1.637,0.781,95
SYN0019,65,3.5661,40.13,1.644,0.7844,94
SYN0019,66,3.5612,39.96,1.6322,0.7787,93
SYN0019,67,3.5729,40.83,1.6355,0.7803,92
SYN0019,68,3.5569,40.85,1.6311,0.7782,91
SYN0019,69,3.5633,41.49,1.6078,0.7671,90
SYN0019,70,3.5635,41.05,1.5924,0.7598,89
SYN0019,71,3.5697,40.65,1.598,0.7624,88
SYN0019,72,3.551,40.83,1.5788,0.7533,87
SYN0019,73,3.556,41.82,1.6,0.7634,86
SYN0019,74,3.5415,41.8,1.573,0.7505,85
SYN0019,75,3.5385,41.1,1.5606,0.7446,84
SYN0019,76,3.5441,41.18,1.5592,0.7439,83
SYN0019,77,3.5434,40.87,1.5359,0.7328,82
SYN0019,78,3.5479,40.97,1.5327,0.7313,81
SYN0019,79,3.5352,41.06,1.5484,0.7387,80
SYN0019,80,3.5505,40.97,1.5217,0.726,79
SYN0019,81,3.5297,40.61,1.5104,0.7206,78
SYN0019,82,3.5349,39.99,1.5199,0.7251,77
SYN0019,83,3.5275,40.38,1.5195,0.725,76
SYN0019,84,3.5073,40.53,1.5074,0.7192,75
SYN0019,85,3.5392,40.0,1.5032,0.7172,74
SYN0019,86,3.5303,40.55,1.4776,0.705,73
SYN0019,87,3.5161,39.63,1.4634,0.6982,72
SYN0019,88,3.5263,40.12,1.487,0.7094,71
SYN0019,89,3.5233,40.53,1.4606,0.6969,70
SYN0019,90,3.5007,41.16,1.4542,0.6938,69
SYN0019,91,3.5137,40.93,1.4636,0.6983,68
SYN0019,92,3.5226,41.26,1.4483,0.691,67
SYN0019,93,3.4997,41.9,1.4401,0.6871,66
SYN0019,94,3.5183,42.86,1.4509,0.6922,65
SYN0019,95,3.4913,42.85,1.4142,0.6747,64
SYN0019,96,3.5122,41.92,1.4235,0.6792,63
SYN0019,97,3.5025,41.93,1.4072,0.6714,62
SYN0019,98,3.4853,42.11,1.4023,0.669,61
SYN0019,99,3.5148,42.85,1.4083,0.6719,60
SYN0019,100,3.4907,43.6,1.3904,0.6634,59
SYN0019,101,3.488,43.48,1.3836,0.6601,58
SYN0019,102,3.4976,43.53,1.382,0.6594,57
SYN0019,103,3.5007,43.44,1.3597,0.6487,56
SYN0019,104,3.4756,43.89,1.3476,0.6429,55
SYN0019,105,3.4837,43.71,1.3382,0.6385,54
SYN0019,106,3.4826,44.02,1.3214,0.6304,53
SYN0019,107,3.4952,43.33,1.3565,0.6472,52
SYN0019,108,3.4785,43.27,1.3161,0.6279,51
SYN0019,109,3.4737,44.2,1.3182,0.6289,50
SYN0019,110,3.4669,43.88,1.3104,0.6252,49
SYN0019,111,3.4757,44.27,1.3094,0.6247,48
SYN0019,112,3.4636,44.57,1.3076,0.6239,47
SYN0019,113,3.4432,45.27,1.3009,0.6207,46
SYN0019,114,3.4704,45.97,1.2785,0.61,45
SYN0019,115,3.4742,46.69,1.2757,0.6087,44
SYN0019,116,3.4409,46.45,1.2733,0.6075,43
SYN0019,117,3.4507,46.09,1.2605,0.6014,42
SYN0019,118,3.4706,46.52,1.2728,0.6073,41
SYN0019,119,3.4795,47.04,1.2539,0.5983,40
SYN0019,120,3.4578,47.79,1.2493,0.5961,39
SYN0019,121,3.4481,46.86,1.2414,0.5923,38
SYN0019,122,3.453,46.0,1.2396,0.5914,37
SYN0019,123,3.4636,46.26,1.222,0.583,36
SYN0019,124,3.4369,47.1,1.1993,0.5722,35
SYN0019,125,3.4384,48.09,1.2099,0.5773,34
SYN0019,126,3.4363,48.59,1.1917,0.5686,33
SYN0019,127,3.4299,48.46,1.1858,0.5658,32
SYN0019,128,3.442,47.65,1.1904,0.5679,31
SYN0019,129,3.4569,47.92,1.19,0.5678,30
SYN0019,130,3.4382,48.67,1.1701,0.5583,29
SYN0019,131,3.4312,48.55,1.1659,0.5563,28
SYN0019,132,3.433,48.94,1.1734,0.5598,27
SYN0019,133,3.4138,49.75,1.1509,0.5491,26
SYN0019,134,3.4433,48.84,1.1685,0.5575,25
SYN0019,135,3.4255,49.43,1.1399,0.5439,24
SYN0019,136,3.4155,49.02,1.1083,0.5288,23
SYN0019,137,3.4547,48.77,1.1276,0.538,22
SYN0019,138,3.4226,48.06,1.1165,0.5327,21
SYN0019,139,3.4128,48.12,1.1188,0.5338,20
SYN0019,140,3.4121,48.25,1.1052,0.5273,19
SYN0019,141,3.4234,48.84,1.0895,0.5198,18
SYN0019,142,3.4077,48.18,1.0709,0.5109,17
SYN0019,143,3.3932,47.34,1.0744,0.5126,16
SYN0019,144,3.4128,48.08,1.0605,0.506,15
SYN0019,145,3.3957,48.32,1.0561,0.5039,14
SYN0019,146,3.4225,47.8,1.0613,0.5063,13
SYN0019,147,3.4158,48.63,1.0654,0.5083,12
SYN0019,148,3.3946,47.91,1.0449,0.4985,11
SYN0019,149,3.4051,47.83,1.021,0.4871,10
SYN0019,150,3.3958,47.34,1.031,0.4919,9
SYN0019,151,3.4039,46.85,1.0318,0.4923,8
SYN0019,152,3.3927,45.87,1.0056,0.4798,7
SYN0019,153,3.3788,46.48,1.0034,0.4788,6
SYN0019,154,3.3792,47.28,0.9978,0.4761,5
SYN0019,155,3.3915,47.64,0.9822,0.4686,4
SYN0019,156,3.3801,46.95,0.9901,0.4724,3
SYN0019,157,3.375,46.84,0.9749,0.4651,2
SYN0019,158,3.3691,46.53,0.9734,0.4644,1
SYN0019,159,3.3769,46.7,0.9525,0.4544,0
SYN0020,1,3.7059,18.75,2.0556,1.0,51
SYN0020,2,3.6876,19.44,2.0295,0.9873,50
SYN0020,3,3.7022,18.84,2.0332,0.9891,49
SYN0020,4,3.682,18.61,2.0399,0.9924,48
SYN0020,5,3.69,18.58,2.0171,0.9813,47
SYN0020,6,3.7075,18.05,2.015,0.9803,46
SYN0020,7,3.6714,18.2,1.9919,0.969,45
SYN0020,8,3.6769,18.35,1.9997,0.9728,44
SYN0020,9,3.6848,19.33,1.9858,0.9661,43
SYN0020,10,3.6828,18.92,1.9903,0.9683,42
SYN0020,11,3.6829,19.88,1.9849,0.9656,41
SYN0020,12,3.6863,20.19,1.9918,0.969,40
SYN0020,13,3.6795,19.74,1.9636,0.9552,39
SYN0020,14,3.6813,19.88,1.9534,0.9503,38
SYN0020,15,3.6717,20.25,1.9445,0.946,37
SYN0020,16,3.6613,20.74,1.9314,0.9396,36
SYN0020,17,3.6703,19.83,1.9309,0.9394,35
SYN0020,18,3.6785,20.05,1.9169,0.9325,34
SYN0020,19,3.6574,20.04,1.9141,0.9312,33
SYN0020,20,3.6502,20.85,1.9184,0.9333,32
SYN0020,21,3.6619,20.42,1.887,0.918,31
SYN0020,22,3.6538,21.02,1.9015,0.925,30
SYN0020,23,3.6316,21.23,1.8958,0.9223,29
SYN0020,24,3.6553,20.94,1.8735,0.9114,28
SYN0020,25,3.6333,21.21,1.8454,0.8977,27
SYN0020,26,3.6401,21.45,1.8534,0.9016,26
SYN0020,27,3.6478,21.81,1.8654,0.9075,25
SYN0020,28,3.6402,22.25,1.8443,0.8972,24
SYN0020,29,3.6403,22.57,1.8268,0.8887,23
SYN0020,30,3.6281,23.25,1.8243,0.8875,22
SYN0020,31,3.6395,23.5,1.8306,0.8905,21
SYN0020,32,3.6287,24.31,1.82,0.8854,20
SYN0020,33,3.6341,24.6,1.8044,0.8778,19
SYN0020,34,3.6303,24.22,1.7956,0.8735,18
SYN0020,35,3.6125,24.1,1.7878,0.8697,17
SYN0020,36,3.6289,24.26,1.7748,0.8634,16
SYN0020,37,3.6181,24.72,1.7933,0.8724,15
SYN0020,38,3.6235,23.9,1.7659,0.8591,14
SYN0020,39,3.6215,23.49,1.7742,0.8631,13
SYN0020,40,3.635,23.99,1.7698,0.861,12
SYN0020,41,3.6106,23.34,1.7568,0.8547,11
SYN0020,42,3.6028,22.61,1.7346,0.8439,10
SYN0020,43,3.6064,22.68,1.7357,0.8444,9
SYN0020,44,3.6001,23.63,1.7237,0.8386,8
SYN0020,45,3.6063,23.69,1.7072,0.8305,7
SYN0020,46,3.5836,24.52,1.7122,0.833,6
SYN0020,47,3.5825,25.18,1.6892,0.8218,5
SYN0020,48,3.5873,24.69,1.706,0.83,4
SYN0020,49,3.6003,25.34,1.6815,0.818,3
SYN0020,50,3.6077,25.3,1.6808,0.8177,2
SYN0020,51,3.5876,25.92,1.6741,0.8144,1
SYN0020,52,3.3387,26.41,1.661,0.8081,0
